Keyword	MSc Course	Number of theses
communication	Design & Engineering	4
communication	Communication Design	62
communication	Fashion Design	8
communication	Interior Design	5
communication	Service Design	10
communication	Product Design	8
sustainability	Design & Engineering	10
sustainability	Communication Design	11
sustainability	Fashion Design	10
sustainability	Interior Design	13
sustainability	Service Design	22
sustainability	Product Design	25
Milan	Design & Engineering	1
Milan	Communication Design	18
Milan	Fashion Design	6
Milan	Interior Design	45
Milan	Service Design	13
Milan	Product Design	7
fashion	Design & Engineering	0
fashion	Communication Design	5
fashion	Fashion Design	45
fashion	Interior Design	4
fashion	Service Design	6
fashion	Product Design	2
innovation	Design & Engineering	5
innovation	Communication Design	8
innovation	Fashion Design	15
innovation	Interior Design	4
innovation	Service Design	14
innovation	Product Design	12
food	Design & Engineering	1
food	Communication Design	12
food	Fashion Design	1
food	Interior Design	9
food	Service Design	11
food	Product Design	17
museum	Design & Engineering	1
museum	Communication Design	9
museum	Fashion Design	1
museum	Interior Design	35
museum	Service Design	3
museum	Product Design	6
interaction	Design & Engineering	6
interaction	Communication Design	35
interaction	Fashion Design	1
interaction	Interior Design	11
interaction	Service Design	8
interaction	Product Design	6
service	Design & Engineering	1
service	Communication Design	5
service	Fashion Design	1
service	Interior Design	3
service	Service Design	61
service	Product Design	21
community	Design & Engineering	0
community	Communication Design	14
community	Fashion Design	1
community	Interior Design	11
community	Service Design	9
community	Product Design	7
social network	Design & Engineering	0
social network	Communication Design	37
social network	Fashion Design	1
social network	Interior Design	1
social network	Service Design	4
social network	Product Design	5
city	Design & Engineering	0
city	Communication Design	16
city	Fashion Design	0
city	Interior Design	12
city	Service Design	6
city	Product Design	7
experience	Design & Engineering	0
experience	Communication Design	9
experience	Fashion Design	1
experience	Interior Design	8
experience	Service Design	8
experience	Product Design	15
identity	Design & Engineering	0
identity	Communication Design	18
identity	Fashion Design	2
identity	Interior Design	10
identity	Service Design	4
identity	Product Design	6
brand	Design & Engineering	0
brand	Communication Design	18
brand	Fashion Design	3
brand	Interior Design	4
brand	Service Design	1
brand	Product Design	11
storytelling	Design & Engineering	0
storytelling	Communication Design	27
storytelling	Fashion Design	0
storytelling	Interior Design	1
storytelling	Service Design	4
storytelling	Product Design	6
art	Design & Engineering	0
art	Communication Design	4
art	Fashion Design	6
art	Interior Design	19
art	Service Design	5
art	Product Design	4
music	Design & Engineering	2
music	Communication Design	12
music	Fashion Design	1
music	Interior Design	6
music	Service Design	2
music	Product Design	13
China	Design & Engineering	1
China	Communication Design	6
China	Fashion Design	3
China	Interior Design	6
China	Service Design	14
China	Product Design	6
cinema	Design & Engineering	0
cinema	Communication Design	23
cinema	Fashion Design	2
cinema	Interior Design	10
cinema	Service Design	1
cinema	Product Design	0
Alzheimer	Design & Engineering	0
Alzheimer	Communication Design	0
Alzheimer	Fashion Design	0
Alzheimer	Interior Design	34
Alzheimer	Service Design	0
Alzheimer	Product Design	2
app	Design & Engineering	0
app	Communication Design	38
app	Fashion Design	6
app	Interior Design	4
app	Service Design	7
app	Product Design	7
territory	Design & Engineering	0
territory	Communication Design	16
territory	Fashion Design	4
territory	Interior Design	5
territory	Service Design	1
territory	Product Design	8
culture	Design & Engineering	0
culture	Communication Design	13
culture	Fashion Design	6
culture	Interior Design	6
culture	Service Design	4
culture	Product Design	5
education	Design & Engineering	0
education	Communication Design	10
education	Fashion Design	0
education	Interior Design	1
education	Service Design	9
education	Product Design	13
tourism	Design & Engineering	0
tourism	Communication Design	9
tourism	Fashion Design	0
tourism	Interior Design	6
tourism	Service Design	12
tourism	Product Design	5
public space	Design & Engineering	0
public space	Communication Design	1
public space	Fashion Design	0
public space	Interior Design	26
public space	Service Design	1
public space	Product Design	3
furniture	Design & Engineering	2
furniture	Communication Design	4
furniture	Fashion Design	1
furniture	Interior Design	4
furniture	Service Design	2
furniture	Product Design	16
light	Design & Engineering	4
light	Communication Design	2
light	Fashion Design	3
light	Interior Design	11
light	Service Design	1
light	Product Design	8
social innovation	Design & Engineering	0
social innovation	Communication Design	5
social innovation	Fashion Design	0
social innovation	Interior Design	1
social innovation	Service Design	19
social innovation	Product Design	5
system	Design & Engineering	2
system	Communication Design	4
system	Fashion Design	0
system	Interior Design	3
system	Service Design	11
system	Product Design	10
reuse	Design & Engineering	4
reuse	Communication Design	0
reuse	Fashion Design	3
reuse	Interior Design	8
reuse	Service Design	4
reuse	Product Design	11
network	Design & Engineering	1
network	Communication Design	9
network	Fashion Design	0
network	Interior Design	7
network	Service Design	5
network	Product Design	7
game	Design & Engineering	1
game	Communication Design	12
game	Fashion Design	0
game	Interior Design	2
game	Service Design	4
game	Product Design	10
social	Design & Engineering	0
social	Communication Design	12
social	Fashion Design	0
social	Interior Design	5
social	Service Design	5
social	Product Design	6
landscape	Design & Engineering	0
landscape	Communication Design	6
landscape	Fashion Design	0
landscape	Interior Design	19
landscape	Service Design	0
landscape	Product Design	3
time	Design & Engineering	1
time	Communication Design	3
time	Fashion Design	10
time	Interior Design	7
time	Service Design	1
time	Product Design	5
packaging	Design & Engineering	1
packaging	Communication Design	16
packaging	Fashion Design	2
packaging	Interior Design	2
packaging	Service Design	2
packaging	Product Design	14
digital	Design & Engineering	0
digital	Communication Design	15
digital	Fashion Design	3
digital	Interior Design	2
digital	Service Design	3
digital	Product Design	3
bicycle	Design & Engineering	11
bicycle	Communication Design	1
bicycle	Fashion Design	0
bicycle	Interior Design	1
bicycle	Service Design	3
bicycle	Product Design	10
collaboration	Design & Engineering	0
collaboration	Communication Design	5
collaboration	Fashion Design	1
collaboration	Interior Design	4
collaboration	Service Design	10
collaboration	Product Design	6
perception	Design & Engineering	4
perception	Communication Design	6
perception	Fashion Design	1
perception	Interior Design	8
perception	Service Design	0
perception	Product Design	6
urban	Design & Engineering	3
urban	Communication Design	2
urban	Fashion Design	0
urban	Interior Design	9
urban	Service Design	3
urban	Product Design	7
made in Italy	Design & Engineering	0
made in Italy	Communication Design	1
made in Italy	Fashion Design	11
made in Italy	Interior Design	2
made in Italy	Service Design	5
made in Italy	Product Design	4
photography	Design & Engineering	1
photography	Communication Design	12
photography	Fashion Design	2
photography	Interior Design	4
photography	Service Design	2
photography	Product Design	1
tradition	Design & Engineering	0
tradition	Communication Design	3
tradition	Fashion Design	7
tradition	Interior Design	6
tradition	Service Design	2
tradition	Product Design	4
3D printing	Design & Engineering	14
3D printing	Communication Design	0
3D printing	Fashion Design	2
3D printing	Interior Design	0
3D printing	Service Design	1
3D printing	Product Design	5
Italy	Design & Engineering	0
Italy	Communication Design	13
Italy	Fashion Design	1
Italy	Interior Design	2
Italy	Service Design	5
Italy	Product Design	1
nature	Design & Engineering	2
nature	Communication Design	3
nature	Fashion Design	1
nature	Interior Design	8
nature	Service Design	1
nature	Product Design	7
technology	Design & Engineering	1
technology	Communication Design	4
technology	Fashion Design	3
technology	Interior Design	3
technology	Service Design	5
technology	Product Design	6
creativity	Design & Engineering	0
creativity	Communication Design	8
creativity	Fashion Design	4
creativity	Interior Design	4
creativity	Service Design	1
creativity	Product Design	5
retail	Design & Engineering	1
retail	Communication Design	3
retail	Fashion Design	4
retail	Interior Design	7
retail	Service Design	7
retail	Product Design	3
workshop	Design & Engineering	1
workshop	Communication Design	3
workshop	Fashion Design	1
workshop	Interior Design	6
workshop	Service Design	6
workshop	Product Design	4
temporary	Design & Engineering	0
temporary	Communication Design	1
temporary	Fashion Design	1
temporary	Interior Design	14
temporary	Service Design	2
temporary	Product Design	3
platform	Design & Engineering	1
platform	Communication Design	7
platform	Fashion Design	1
platform	Interior Design	2
platform	Service Design	9
platform	Product Design	1
web	Design & Engineering	0
web	Communication Design	18
web	Fashion Design	1
web	Interior Design	1
web	Service Design	1
web	Product Design	0
wood	Design & Engineering	1
wood	Communication Design	2
wood	Fashion Design	0
wood	Interior Design	6
wood	Service Design	2
wood	Product Design	8
wayfinding	Design & Engineering	0
wayfinding	Communication Design	17
wayfinding	Fashion Design	0
wayfinding	Interior Design	1
wayfinding	Service Design	1
wayfinding	Product Design	1
cultural heritage	Design & Engineering	2
cultural heritage	Communication Design	7
cultural heritage	Fashion Design	0
cultural heritage	Interior Design	8
cultural heritage	Service Design	2
cultural heritage	Product Design	1
communication design	Design & Engineering	0
communication design	Communication Design	18
communication design	Fashion Design	0
communication design	Interior Design	1
communication design	Service Design	0
communication design	Product Design	0
co-design	Design & Engineering	2
co-design	Communication Design	1
co-design	Fashion Design	1
co-design	Interior Design	2
co-design	Service Design	9
co-design	Product Design	4
modular	Design & Engineering	2
modular	Communication Design	0
modular	Fashion Design	0
modular	Interior Design	9
modular	Service Design	0
modular	Product Design	8
mobility	Design & Engineering	1
mobility	Communication Design	4
mobility	Fashion Design	0
mobility	Interior Design	1
mobility	Service Design	4
mobility	Product Design	8
map	Design & Engineering	0
map	Communication Design	17
map	Fashion Design	0
map	Interior Design	1
map	Service Design	0
map	Product Design	0
game design	Design & Engineering	0
game design	Communication Design	17
game design	Fashion Design	0
game design	Interior Design	0
game design	Service Design	1
game design	Product Design	0
contemporary art	Design & Engineering	0
contemporary art	Communication Design	1
contemporary art	Fashion Design	1
contemporary art	Interior Design	15
contemporary art	Service Design	0
contemporary art	Product Design	1
mobile	Design & Engineering	0
mobile	Communication Design	14
mobile	Fashion Design	1
mobile	Interior Design	2
mobile	Service Design	1
mobile	Product Design	0
crowdsourcing	Design & Engineering	0
crowdsourcing	Communication Design	5
crowdsourcing	Fashion Design	0
crowdsourcing	Interior Design	1
crowdsourcing	Service Design	8
crowdsourcing	Product Design	4
research	Design & Engineering	1
research	Communication Design	4
research	Fashion Design	4
research	Interior Design	0
research	Service Design	2
research	Product Design	7
architecture	Design & Engineering	0
architecture	Communication Design	2
architecture	Fashion Design	3
architecture	Interior Design	13
architecture	Service Design	0
architecture	Product Design	0
luxury	Design & Engineering	0
luxury	Communication Design	3
luxury	Fashion Design	7
luxury	Interior Design	1
luxury	Service Design	6
luxury	Product Design	1
space	Design & Engineering	0
space	Communication Design	2
space	Fashion Design	2
space	Interior Design	10
space	Service Design	2
space	Product Design	0
play	Design & Engineering	1
play	Communication Design	2
play	Fashion Design	0
play	Interior Design	2
play	Service Design	1
play	Product Design	11
new media	Design & Engineering	0
new media	Communication Design	10
new media	Fashion Design	4
new media	Interior Design	2
new media	Service Design	0
new media	Product Design	1
strategy	Design & Engineering	0
strategy	Communication Design	7
strategy	Fashion Design	0
strategy	Interior Design	3
strategy	Service Design	5
strategy	Product Design	2
history	Design & Engineering	0
history	Communication Design	5
history	Fashion Design	3
history	Interior Design	7
history	Service Design	0
history	Product Design	2
marketing	Design & Engineering	0
marketing	Communication Design	9
marketing	Fashion Design	1
marketing	Interior Design	3
marketing	Service Design	1
marketing	Product Design	3
sport	Design & Engineering	4
sport	Communication Design	4
sport	Fashion Design	3
sport	Interior Design	2
sport	Service Design	2
sport	Product Design	2
internet	Design & Engineering	0
internet	Communication Design	11
internet	Fashion Design	3
internet	Interior Design	1
internet	Service Design	1
internet	Product Design	0
magazine	Design & Engineering	0
magazine	Communication Design	8
magazine	Fashion Design	6
magazine	Interior Design	0
magazine	Service Design	2
magazine	Product Design	0
product	Design & Engineering	2
product	Communication Design	0
product	Fashion Design	0
product	Interior Design	0
product	Service Design	5
product	Product Design	9
data visualization	Design & Engineering	0
data visualization	Communication Design	16
data visualization	Fashion Design	0
data visualization	Interior Design	0
data visualization	Service Design	0
data visualization	Product Design	0
information	Design & Engineering	0
information	Communication Design	10
information	Fashion Design	1
information	Interior Design	1
information	Service Design	2
information	Product Design	2
format	Design & Engineering	0
format	Communication Design	13
format	Fashion Design	1
format	Interior Design	1
format	Service Design	0
format	Product Design	1
advertising	Design & Engineering	0
advertising	Communication Design	13
advertising	Fashion Design	0
advertising	Interior Design	0
advertising	Service Design	0
advertising	Product Design	3
augmented reality	Design & Engineering	3
augmented reality	Communication Design	11
augmented reality	Fashion Design	0
augmented reality	Interior Design	0
augmented reality	Service Design	1
augmented reality	Product Design	1
website	Design & Engineering	0
website	Communication Design	9
website	Fashion Design	1
website	Interior Design	1
website	Service Design	4
website	Product Design	1
energy	Design & Engineering	1
energy	Communication Design	2
energy	Fashion Design	1
energy	Interior Design	2
energy	Service Design	4
energy	Product Design	5
school	Design & Engineering	1
school	Communication Design	6
school	Fashion Design	0
school	Interior Design	7
school	Service Design	0
school	Product Design	1
customization	Design & Engineering	4
customization	Communication Design	0
customization	Fashion Design	1
customization	Interior Design	1
customization	Service Design	1
customization	Product Design	8
social media	Design & Engineering	0
social media	Communication Design	11
social media	Fashion Design	1
social media	Interior Design	0
social media	Service Design	2
social media	Product Design	1
development	Design & Engineering	2
development	Communication Design	2
development	Fashion Design	0
development	Interior Design	6
development	Service Design	1
development	Product Design	4
typography	Design & Engineering	0
typography	Communication Design	14
typography	Fashion Design	0
typography	Interior Design	0
typography	Service Design	1
typography	Product Design	0
sound	Design & Engineering	1
sound	Communication Design	4
sound	Fashion Design	0
sound	Interior Design	4
sound	Service Design	0
sound	Product Design	5
green	Design & Engineering	1
green	Communication Design	3
green	Fashion Design	0
green	Interior Design	5
green	Service Design	1
green	Product Design	4
future	Design & Engineering	1
future	Communication Design	2
future	Fashion Design	3
future	Interior Design	1
future	Service Design	3
future	Product Design	4
video	Design & Engineering	0
video	Communication Design	13
video	Fashion Design	0
video	Interior Design	1
video	Service Design	0
video	Product Design	0
guide	Design & Engineering	0
guide	Communication Design	11
guide	Fashion Design	0
guide	Interior Design	0
guide	Service Design	3
guide	Product Design	0
water	Design & Engineering	0
water	Communication Design	0
water	Fashion Design	1
water	Interior Design	8
water	Service Design	1
water	Product Design	4
interface	Design & Engineering	2
interface	Communication Design	8
interface	Fashion Design	1
interface	Interior Design	1
interface	Service Design	0
interface	Product Design	2
handicraft	Design & Engineering	1
handicraft	Communication Design	2
handicraft	Fashion Design	4
handicraft	Interior Design	0
handicraft	Service Design	0
handicraft	Product Design	7
visualization	Design & Engineering	0
visualization	Communication Design	14
visualization	Fashion Design	0
visualization	Interior Design	0
visualization	Service Design	0
visualization	Product Design	0
exhibit	Design & Engineering	1
exhibit	Communication Design	7
exhibit	Fashion Design	2
exhibit	Interior Design	77
exhibit	Service Design	4
exhibit	Product Design	3
project	Design & Engineering	1
project	Communication Design	5
project	Fashion Design	0
project	Interior Design	2
project	Service Design	0
project	Product Design	5
tablet	Design & Engineering	1
tablet	Communication Design	10
tablet	Fashion Design	0
tablet	Interior Design	0
tablet	Service Design	1
tablet	Product Design	1
branding	Design & Engineering	0
branding	Communication Design	9
branding	Fashion Design	0
branding	Interior Design	0
branding	Service Design	4
branding	Product Design	0
park	Design & Engineering	0
park	Communication Design	2
park	Fashion Design	0
park	Interior Design	9
park	Service Design	0
park	Product Design	2
smart city	Design & Engineering	1
smart city	Communication Design	5
smart city	Fashion Design	0
smart city	Interior Design	2
smart city	Service Design	1
smart city	Product Design	4
product service system	Design & Engineering	0
product service system	Communication Design	0
product service system	Fashion Design	0
product service system	Interior Design	0
product service system	Service Design	10
product service system	Product Design	3
process	Design & Engineering	1
process	Communication Design	2
process	Fashion Design	1
process	Interior Design	2
process	Service Design	0
process	Product Design	7
installation	Design & Engineering	0
installation	Communication Design	1
installation	Fashion Design	0
installation	Interior Design	11
installation	Service Design	0
installation	Product Design	1
open source	Design & Engineering	2
open source	Communication Design	0
open source	Fashion Design	1
open source	Interior Design	6
open source	Service Design	1
open source	Product Design	3
interior	Design & Engineering	2
interior	Communication Design	0
interior	Fashion Design	0
interior	Interior Design	31
interior	Service Design	1
interior	Product Design	5
market	Design & Engineering	0
market	Communication Design	3
market	Fashion Design	0
market	Interior Design	7
market	Service Design	0
market	Product Design	3
body	Design & Engineering	0
body	Communication Design	0
body	Fashion Design	8
body	Interior Design	1
body	Service Design	0
body	Product Design	4
theatre	Design & Engineering	0
theatre	Communication Design	1
theatre	Fashion Design	1
theatre	Interior Design	9
theatre	Service Design	0
theatre	Product Design	1
kitchen	Design & Engineering	3
kitchen	Communication Design	0
kitchen	Fashion Design	0
kitchen	Interior Design	1
kitchen	Service Design	1
kitchen	Product Design	6
wellness	Design & Engineering	2
wellness	Communication Design	0
wellness	Fashion Design	4
wellness	Interior Design	4
wellness	Service Design	0
wellness	Product Design	2
L'Aquila	Design & Engineering	0
L'Aquila	Communication Design	0
L'Aquila	Fashion Design	0
L'Aquila	Interior Design	11
L'Aquila	Service Design	1
L'Aquila	Product Design	0
e-commerce	Design & Engineering	0
e-commerce	Communication Design	1
e-commerce	Fashion Design	2
e-commerce	Interior Design	1
e-commerce	Service Design	6
e-commerce	Product Design	2
services	Design & Engineering	0
services	Communication Design	1
services	Fashion Design	0
services	Interior Design	2
services	Service Design	3
services	Product Design	6
makers	Design & Engineering	4
makers	Communication Design	1
makers	Fashion Design	1
makers	Interior Design	1
makers	Service Design	1
makers	Product Design	4
additive manufacturing	Design & Engineering	9
additive manufacturing	Communication Design	0
additive manufacturing	Fashion Design	1
additive manufacturing	Interior Design	0
additive manufacturing	Service Design	0
additive manufacturing	Product Design	2
craftsmanship	Design & Engineering	1
craftsmanship	Communication Design	2
craftsmanship	Fashion Design	3
craftsmanship	Interior Design	1
craftsmanship	Service Design	2
craftsmanship	Product Design	3
smartphone	Design & Engineering	1
smartphone	Communication Design	5
smartphone	Fashion Design	0
smartphone	Interior Design	0
smartphone	Service Design	2
smartphone	Product Design	4
awareness	Design & Engineering	1
awareness	Communication Design	4
awareness	Fashion Design	0
awareness	Interior Design	0
awareness	Service Design	3
awareness	Product Design	4
social communication	Design & Engineering	0
social communication	Communication Design	12
social communication	Fashion Design	0
social communication	Interior Design	0
social communication	Service Design	0
social communication	Product Design	0
textile	Design & Engineering	0
textile	Communication Design	0
textile	Fashion Design	7
textile	Interior Design	3
textile	Service Design	0
textile	Product Design	2
movement	Design & Engineering	1
movement	Communication Design	0
movement	Fashion Design	2
movement	Interior Design	7
movement	Service Design	2
movement	Product Design	0
color	Design & Engineering	0
color	Communication Design	5
color	Fashion Design	4
color	Interior Design	10
color	Service Design	1
color	Product Design	2
leather	Design & Engineering	1
leather	Communication Design	0
leather	Fashion Design	10
leather	Interior Design	0
leather	Service Design	0
leather	Product Design	1
user experience	Design & Engineering	0
user experience	Communication Design	8
user experience	Fashion Design	0
user experience	Interior Design	0
user experience	Service Design	3
user experience	Product Design	1
LED	Design & Engineering	4
LED	Communication Design	0
LED	Fashion Design	0
LED	Interior Design	0
LED	Service Design	0
LED	Product Design	8
emotion	Design & Engineering	4
emotion	Communication Design	7
emotion	Fashion Design	3
emotion	Interior Design	5
emotion	Service Design	3
emotion	Product Design	3
library	Design & Engineering	0
library	Communication Design	1
library	Fashion Design	0
library	Interior Design	8
library	Service Design	3
library	Product Design	0
strategic design	Design & Engineering	0
strategic design	Communication Design	2
strategic design	Fashion Design	0
strategic design	Interior Design	0
strategic design	Service Design	4
strategic design	Product Design	6
bike	Design & Engineering	3
bike	Communication Design	1
bike	Fashion Design	0
bike	Interior Design	1
bike	Service Design	1
bike	Product Design	6
movie	Design & Engineering	0
movie	Communication Design	13
movie	Fashion Design	1
movie	Interior Design	2
movie	Service Design	0
movie	Product Design	1
wine	Design & Engineering	0
wine	Communication Design	5
wine	Fashion Design	0
wine	Interior Design	3
wine	Service Design	1
wine	Product Design	2
society	Design & Engineering	0
society	Communication Design	8
society	Fashion Design	0
society	Interior Design	2
society	Service Design	0
society	Product Design	1
orientation	Design & Engineering	1
orientation	Communication Design	8
orientation	Fashion Design	0
orientation	Interior Design	1
orientation	Service Design	0
orientation	Product Design	1
hospitality	Design & Engineering	0
hospitality	Communication Design	0
hospitality	Fashion Design	0
hospitality	Interior Design	9
hospitality	Service Design	1
hospitality	Product Design	1
web 2.0	Design & Engineering	0
web 2.0	Communication Design	4
web 2.0	Fashion Design	2
web 2.0	Interior Design	2
web 2.0	Service Design	0
web 2.0	Product Design	3
image	Design & Engineering	0
image	Communication Design	7
image	Fashion Design	1
image	Interior Design	3
image	Service Design	0
image	Product Design	0
brand identity	Design & Engineering	0
brand identity	Communication Design	5
brand identity	Fashion Design	1
brand identity	Interior Design	0
brand identity	Service Design	3
brand identity	Product Design	2
integration	Design & Engineering	0
integration	Communication Design	4
integration	Fashion Design	0
integration	Interior Design	5
integration	Service Design	2
integration	Product Design	0
product service system design	Design & Engineering	0
product service system design	Communication Design	0
product service system design	Fashion Design	0
product service system design	Interior Design	0
product service system design	Service Design	11
product service system design	Product Design	0
internet of things	Design & Engineering	1
internet of things	Communication Design	7
internet of things	Fashion Design	0
internet of things	Interior Design	0
internet of things	Service Design	1
internet of things	Product Design	7
travel	Design & Engineering	0
travel	Communication Design	4
travel	Fashion Design	0
travel	Interior Design	3
travel	Service Design	2
travel	Product Design	2
Bovisa	Design & Engineering	0
Bovisa	Communication Design	4
Bovisa	Fashion Design	0
Bovisa	Interior Design	4
Bovisa	Service Design	3
Bovisa	Product Design	0
kids	Design & Engineering	0
kids	Communication Design	5
kids	Fashion Design	0
kids	Interior Design	0
kids	Service Design	3
kids	Product Design	3
language	Design & Engineering	0
language	Communication Design	9
language	Fashion Design	1
language	Interior Design	1
language	Service Design	0
language	Product Design	0
office	Design & Engineering	0
office	Communication Design	0
office	Fashion Design	0
office	Interior Design	2
office	Service Design	2
office	Product Design	7
disability	Design & Engineering	0
disability	Communication Design	3
disability	Fashion Design	1
disability	Interior Design	2
disability	Service Design	0
disability	Product Design	5
product design	Design & Engineering	2
product design	Communication Design	0
product design	Fashion Design	0
product design	Interior Design	1
product design	Service Design	1
product design	Product Design	7
lighting	Design & Engineering	2
lighting	Communication Design	0
lighting	Fashion Design	0
lighting	Interior Design	2
lighting	Service Design	1
lighting	Product Design	6
protection	Design & Engineering	5
protection	Communication Design	0
protection	Fashion Design	2
protection	Interior Design	2
protection	Service Design	0
protection	Product Design	2
local	Design & Engineering	0
local	Communication Design	0
local	Fashion Design	2
local	Interior Design	0
local	Service Design	6
local	Product Design	3
toolkit	Design & Engineering	0
toolkit	Communication Design	2
toolkit	Fashion Design	0
toolkit	Interior Design	0
toolkit	Service Design	9
toolkit	Product Design	0
low cost	Design & Engineering	1
low cost	Communication Design	0
low cost	Fashion Design	0
low cost	Interior Design	8
low cost	Service Design	1
low cost	Product Design	1
value	Design & Engineering	1
value	Communication Design	1
value	Fashion Design	0
value	Interior Design	2
value	Service Design	1
value	Product Design	6
craft	Design & Engineering	1
craft	Communication Design	2
craft	Fashion Design	4
craft	Interior Design	1
craft	Service Design	2
craft	Product Design	11
earthquake	Design & Engineering	0
earthquake	Communication Design	0
earthquake	Fashion Design	0
earthquake	Interior Design	9
earthquake	Service Design	2
earthquake	Product Design	0
PSSD	Design & Engineering	0
PSSD	Communication Design	0
PSSD	Fashion Design	0
PSSD	Interior Design	0
PSSD	Service Design	11
PSSD	Product Design	0
transport	Design & Engineering	4
transport	Communication Design	3
transport	Fashion Design	0
transport	Interior Design	0
transport	Service Design	1
transport	Product Design	2
social housing	Design & Engineering	0
social housing	Communication Design	0
social housing	Fashion Design	0
social housing	Interior Design	8
social housing	Service Design	1
social housing	Product Design	1
safety	Design & Engineering	3
safety	Communication Design	1
safety	Fashion Design	0
safety	Interior Design	1
safety	Service Design	3
safety	Product Design	2
health	Design & Engineering	0
health	Communication Design	3
health	Fashion Design	1
health	Interior Design	1
health	Service Design	2
health	Product Design	3
synesthesia	Design & Engineering	0
synesthesia	Communication Design	6
synesthesia	Fashion Design	1
synesthesia	Interior Design	1
synesthesia	Service Design	0
synesthesia	Product Design	1
digital methods	Design & Engineering	0
digital methods	Communication Design	10
digital methods	Fashion Design	0
digital methods	Interior Design	0
digital methods	Service Design	0
digital methods	Product Design	0
complexity	Design & Engineering	0
complexity	Communication Design	8
complexity	Fashion Design	1
complexity	Interior Design	1
complexity	Service Design	0
complexity	Product Design	0
home	Design & Engineering	1
home	Communication Design	0
home	Fashion Design	0
home	Interior Design	3
home	Service Design	0
home	Product Design	6
experimentation	Design & Engineering	0
experimentation	Communication Design	0
experimentation	Fashion Design	3
experimentation	Interior Design	0
experimentation	Service Design	1
experimentation	Product Design	6
DIY	Design & Engineering	6
DIY	Communication Design	0
DIY	Fashion Design	0
DIY	Interior Design	3
DIY	Service Design	4
DIY	Product Design	6
story	Design & Engineering	0
story	Communication Design	4
story	Fashion Design	1
story	Interior Design	2
story	Service Design	0
story	Product Design	2
food design	Design & Engineering	0
food design	Communication Design	3
food design	Fashion Design	0
food design	Interior Design	1
food design	Service Design	0
food design	Product Design	6
material	Design & Engineering	11
material	Communication Design	2
material	Fashion Design	3
material	Interior Design	6
material	Service Design	0
material	Product Design	11
Twitter	Design & Engineering	0
Twitter	Communication Design	9
Twitter	Fashion Design	0
Twitter	Interior Design	0
Twitter	Service Design	1
Twitter	Product Design	0
engineering	Design & Engineering	9
engineering	Communication Design	0
engineering	Fashion Design	0
engineering	Interior Design	0
engineering	Service Design	1
engineering	Product Design	0
recycling	Design & Engineering	3
recycling	Communication Design	0
recycling	Fashion Design	1
recycling	Interior Design	0
recycling	Service Design	2
recycling	Product Design	4
environment	Design & Engineering	0
environment	Communication Design	3
environment	Fashion Design	2
environment	Interior Design	3
environment	Service Design	2
environment	Product Design	0
scenography	Design & Engineering	0
scenography	Communication Design	0
scenography	Fashion Design	0
scenography	Interior Design	10
scenography	Service Design	0
scenography	Product Design	0
sharing economy	Design & Engineering	0
sharing economy	Communication Design	1
sharing economy	Fashion Design	0
sharing economy	Interior Design	1
sharing economy	Service Design	6
sharing economy	Product Design	2
parasite	Design & Engineering	0
parasite	Communication Design	0
parasite	Fashion Design	0
parasite	Interior Design	10
parasite	Service Design	0
parasite	Product Design	0
startup	Design & Engineering	0
startup	Communication Design	0
startup	Fashion Design	0
startup	Interior Design	2
startup	Service Design	6
startup	Product Design	2
path	Design & Engineering	0
path	Communication Design	3
path	Fashion Design	0
path	Interior Design	7
path	Service Design	0
path	Product Design	0
community garden	Design & Engineering	0
community garden	Communication Design	0
community garden	Fashion Design	0
community garden	Interior Design	6
community garden	Service Design	3
community garden	Product Design	1
exchange	Design & Engineering	0
exchange	Communication Design	2
exchange	Fashion Design	0
exchange	Interior Design	4
exchange	Service Design	4
exchange	Product Design	0
analysis	Design & Engineering	1
analysis	Communication Design	8
analysis	Fashion Design	0
analysis	Interior Design	0
analysis	Service Design	0
analysis	Product Design	1
crowdfunding	Design & Engineering	0
crowdfunding	Communication Design	0
crowdfunding	Fashion Design	1
crowdfunding	Interior Design	1
crowdfunding	Service Design	6
crowdfunding	Product Design	2
therapy	Design & Engineering	0
therapy	Communication Design	3
therapy	Fashion Design	1
therapy	Interior Design	4
therapy	Service Design	2
therapy	Product Design	0
promotion	Design & Engineering	0
promotion	Communication Design	4
promotion	Fashion Design	0
promotion	Interior Design	1
promotion	Service Design	3
promotion	Product Design	2
bag	Design & Engineering	0
bag	Communication Design	0
bag	Fashion Design	6
bag	Interior Design	0
bag	Service Design	0
bag	Product Design	4
PSS	Design & Engineering	0
PSS	Communication Design	0
PSS	Fashion Design	0
PSS	Interior Design	0
PSS	Service Design	8
PSS	Product Design	2
university	Design & Engineering	0
university	Communication Design	6
university	Fashion Design	0
university	Interior Design	0
university	Service Design	2
university	Product Design	2
garden	Design & Engineering	0
garden	Communication Design	0
garden	Fashion Design	0
garden	Interior Design	7
garden	Service Design	2
garden	Product Design	1
recovery	Design & Engineering	3
recovery	Communication Design	1
recovery	Fashion Design	0
recovery	Interior Design	3
recovery	Service Design	1
recovery	Product Design	2
publishing	Design & Engineering	0
publishing	Communication Design	10
publishing	Fashion Design	0
publishing	Interior Design	0
publishing	Service Design	0
publishing	Product Design	0
narration	Design & Engineering	0
narration	Communication Design	4
narration	Fashion Design	1
narration	Interior Design	1
narration	Service Design	0
narration	Product Design	3
Colombia	Design & Engineering	0
Colombia	Communication Design	2
Colombia	Fashion Design	1
Colombia	Interior Design	2
Colombia	Service Design	3
Colombia	Product Design	1
information design	Design & Engineering	0
information design	Communication Design	9
information design	Fashion Design	0
information design	Interior Design	0
information design	Service Design	0
information design	Product Design	0
representation	Design & Engineering	0
representation	Communication Design	6
representation	Fashion Design	0
representation	Interior Design	2
representation	Service Design	0
representation	Product Design	1
underground	Design & Engineering	0
underground	Communication Design	3
underground	Fashion Design	0
underground	Interior Design	4
underground	Service Design	0
underground	Product Design	2
kiosk	Design & Engineering	0
kiosk	Communication Design	0
kiosk	Fashion Design	0
kiosk	Interior Design	9
kiosk	Service Design	0
kiosk	Product Design	0
nutrition	Design & Engineering	0
nutrition	Communication Design	4
nutrition	Fashion Design	0
nutrition	Interior Design	2
nutrition	Service Design	3
nutrition	Product Design	0
Arduino	Design & Engineering	3
Arduino	Communication Design	1
Arduino	Fashion Design	0
Arduino	Interior Design	0
Arduino	Service Design	0
Arduino	Product Design	5
cooperation	Design & Engineering	0
cooperation	Communication Design	2
cooperation	Fashion Design	2
cooperation	Interior Design	1
cooperation	Service Design	3
cooperation	Product Design	1
book	Design & Engineering	0
book	Communication Design	5
book	Fashion Design	0
book	Interior Design	1
book	Service Design	2
book	Product Design	1
heritage	Design & Engineering	0
heritage	Communication Design	2
heritage	Fashion Design	1
heritage	Interior Design	2
heritage	Service Design	2
heritage	Product Design	2
interactive	Design & Engineering	0
interactive	Communication Design	6
interactive	Fashion Design	0
interactive	Interior Design	0
interactive	Service Design	2
interactive	Product Design	1
service system design	Design & Engineering	0
service system design	Communication Design	0
service system design	Fashion Design	0
service system design	Interior Design	0
service system design	Service Design	9
service system design	Product Design	0
crisis	Design & Engineering	1
crisis	Communication Design	5
crisis	Fashion Design	2
crisis	Interior Design	0
crisis	Service Design	0
crisis	Product Design	1
Shanghai	Design & Engineering	0
Shanghai	Communication Design	1
Shanghai	Fashion Design	0
Shanghai	Interior Design	0
Shanghai	Service Design	8
Shanghai	Product Design	0
audiovisual	Design & Engineering	0
audiovisual	Communication Design	9
audiovisual	Fashion Design	0
audiovisual	Interior Design	0
audiovisual	Service Design	0
audiovisual	Product Design	0
texture	Design & Engineering	3
texture	Communication Design	0
texture	Fashion Design	1
texture	Interior Design	3
texture	Service Design	0
texture	Product Design	2
production	Design & Engineering	3
production	Communication Design	0
production	Fashion Design	3
production	Interior Design	1
production	Service Design	1
production	Product Design	1
social design	Design & Engineering	0
social design	Communication Design	3
social design	Fashion Design	1
social design	Interior Design	1
social design	Service Design	4
social design	Product Design	0
Ipad	Design & Engineering	0
Ipad	Communication Design	7
Ipad	Fashion Design	1
Ipad	Interior Design	0
Ipad	Service Design	0
Ipad	Product Design	1
emergency	Design & Engineering	1
emergency	Communication Design	2
emergency	Fashion Design	0
emergency	Interior Design	3
emergency	Service Design	2
emergency	Product Design	1
pattern	Design & Engineering	0
pattern	Communication Design	2
pattern	Fashion Design	3
pattern	Interior Design	4
pattern	Service Design	0
pattern	Product Design	0
reconstruction	Design & Engineering	0
reconstruction	Communication Design	0
reconstruction	Fashion Design	0
reconstruction	Interior Design	8
reconstruction	Service Design	1
reconstruction	Product Design	0
performance	Design & Engineering	1
performance	Communication Design	1
performance	Fashion Design	2
performance	Interior Design	3
performance	Service Design	1
performance	Product Design	1
gamification	Design & Engineering	0
gamification	Communication Design	5
gamification	Fashion Design	0
gamification	Interior Design	0
gamification	Service Design	2
gamification	Product Design	2
co-creation	Design & Engineering	0
co-creation	Communication Design	1
co-creation	Fashion Design	1
co-creation	Interior Design	0
co-creation	Service Design	7
co-creation	Product Design	0
design for all	Design & Engineering	1
design for all	Communication Design	1
design for all	Fashion Design	0
design for all	Interior Design	3
design for all	Service Design	1
design for all	Product Design	3
flexibility	Design & Engineering	2
flexibility	Communication Design	0
flexibility	Fashion Design	0
flexibility	Interior Design	12
flexibility	Service Design	1
flexibility	Product Design	1
archive	Design & Engineering	0
archive	Communication Design	4
archive	Fashion Design	2
archive	Interior Design	2
archive	Service Design	0
archive	Product Design	1
data	Design & Engineering	0
data	Communication Design	7
data	Fashion Design	0
data	Interior Design	0
data	Service Design	0
data	Product Design	1
digital fabrication	Design & Engineering	2
digital fabrication	Communication Design	1
digital fabrication	Fashion Design	0
digital fabrication	Interior Design	0
digital fabrication	Service Design	0
digital fabrication	Product Design	5
fitness	Design & Engineering	5
fitness	Communication Design	0
fitness	Fashion Design	1
fitness	Interior Design	0
fitness	Service Design	1
fitness	Product Design	1
camping	Design & Engineering	0
camping	Communication Design	0
camping	Fashion Design	0
camping	Interior Design	5
camping	Service Design	0
camping	Product Design	3
translation	Design & Engineering	0
translation	Communication Design	7
translation	Fashion Design	0
translation	Interior Design	0
translation	Service Design	1
translation	Product Design	0
politics	Design & Engineering	0
politics	Communication Design	7
politics	Fashion Design	0
politics	Interior Design	0
politics	Service Design	0
politics	Product Design	1
mobile application	Design & Engineering	0
mobile application	Communication Design	6
mobile application	Fashion Design	0
mobile application	Interior Design	0
mobile application	Service Design	2
mobile application	Product Design	0
contemporary ruins	Design & Engineering	0
contemporary ruins	Communication Design	0
contemporary ruins	Fashion Design	0
contemporary ruins	Interior Design	8
contemporary ruins	Service Design	0
contemporary ruins	Product Design	0
sustainable mobility	Design & Engineering	3
sustainable mobility	Communication Design	1
sustainable mobility	Fashion Design	0
sustainable mobility	Interior Design	0
sustainable mobility	Service Design	2
sustainable mobility	Product Design	2
ecology	Design & Engineering	1
ecology	Communication Design	2
ecology	Fashion Design	2
ecology	Interior Design	2
ecology	Service Design	0
ecology	Product Design	1
Brazil	Design & Engineering	0
Brazil	Communication Design	0
Brazil	Fashion Design	2
Brazil	Interior Design	1
Brazil	Service Design	4
Brazil	Product Design	1
ecomuseum	Design & Engineering	0
ecomuseum	Communication Design	2
ecomuseum	Fashion Design	0
ecomuseum	Interior Design	4
ecomuseum	Service Design	0
ecomuseum	Product Design	2
user	Design & Engineering	2
user	Communication Design	2
user	Fashion Design	0
user	Interior Design	0
user	Service Design	4
user	Product Design	0
mapping	Design & Engineering	0
mapping	Communication Design	3
mapping	Fashion Design	0
mapping	Interior Design	2
mapping	Service Design	1
mapping	Product Design	2
waterfront	Design & Engineering	0
waterfront	Communication Design	0
waterfront	Fashion Design	0
waterfront	Interior Design	7
waterfront	Service Design	0
waterfront	Product Design	1
recycle	Design & Engineering	1
recycle	Communication Design	1
recycle	Fashion Design	2
recycle	Interior Design	1
recycle	Service Design	1
recycle	Product Design	2
connection	Design & Engineering	1
connection	Communication Design	1
connection	Fashion Design	0
connection	Interior Design	6
connection	Service Design	0
connection	Product Design	0
laboratory	Design & Engineering	0
laboratory	Communication Design	0
laboratory	Fashion Design	0
laboratory	Interior Design	4
laboratory	Service Design	2
laboratory	Product Design	2
imperfection	Design & Engineering	0
imperfection	Communication Design	0
imperfection	Fashion Design	3
imperfection	Interior Design	1
imperfection	Service Design	0
imperfection	Product Design	4
redevelopment	Design & Engineering	0
redevelopment	Communication Design	0
redevelopment	Fashion Design	0
redevelopment	Interior Design	8
redevelopment	Service Design	0
redevelopment	Product Design	0
taste	Design & Engineering	0
taste	Communication Design	4
taste	Fashion Design	1
taste	Interior Design	2
taste	Service Design	0
taste	Product Design	1
contemporary	Design & Engineering	0
contemporary	Communication Design	2
contemporary	Fashion Design	1
contemporary	Interior Design	3
contemporary	Service Design	1
contemporary	Product Design	1
collaborative consumption	Design & Engineering	0
collaborative consumption	Communication Design	1
collaborative consumption	Fashion Design	0
collaborative consumption	Interior Design	0
collaborative consumption	Service Design	6
collaborative consumption	Product Design	1
child	Design & Engineering	2
child	Communication Design	9
child	Fashion Design	2
child	Interior Design	10
child	Service Design	11
child	Product Design	23
animation	Design & Engineering	0
animation	Communication Design	7
animation	Fashion Design	0
animation	Interior Design	0
animation	Service Design	0
animation	Product Design	1
Expo	Design & Engineering	1
Expo	Communication Design	2
Expo	Fashion Design	0
Expo	Interior Design	8
Expo	Service Design	4
Expo	Product Design	2
open innovation	Design & Engineering	0
open innovation	Communication Design	0
open innovation	Fashion Design	1
open innovation	Interior Design	2
open innovation	Service Design	3
open innovation	Product Design	2
accessibility	Design & Engineering	0
accessibility	Communication Design	5
accessibility	Fashion Design	0
accessibility	Interior Design	1
accessibility	Service Design	1
accessibility	Product Design	1
concept	Design & Engineering	1
concept	Communication Design	3
concept	Fashion Design	0
concept	Interior Design	1
concept	Service Design	0
concept	Product Design	3
signage	Design & Engineering	0
signage	Communication Design	7
signage	Fashion Design	0
signage	Interior Design	1
signage	Service Design	0
signage	Product Design	0
waste	Design & Engineering	2
waste	Communication Design	0
waste	Fashion Design	1
waste	Interior Design	1
waste	Service Design	2
waste	Product Design	2
knowledge	Design & Engineering	0
knowledge	Communication Design	4
knowledge	Fashion Design	1
knowledge	Interior Design	1
knowledge	Service Design	1
knowledge	Product Design	1
factory	Design & Engineering	0
factory	Communication Design	0
factory	Fashion Design	0
factory	Interior Design	8
factory	Service Design	0
factory	Product Design	0
Facebook	Design & Engineering	0
Facebook	Communication Design	7
Facebook	Fashion Design	0
Facebook	Interior Design	0
Facebook	Service Design	1
Facebook	Product Design	0
toy	Design & Engineering	1
toy	Communication Design	0
toy	Fashion Design	0
toy	Interior Design	0
toy	Service Design	0
toy	Product Design	6
Wikipedia	Design & Engineering	0
Wikipedia	Communication Design	7
Wikipedia	Fashion Design	0
Wikipedia	Interior Design	0
Wikipedia	Service Design	0
Wikipedia	Product Design	0
senses	Design & Engineering	2
senses	Communication Design	1
senses	Fashion Design	0
senses	Interior Design	2
senses	Service Design	0
senses	Product Design	2
cartography	Design & Engineering	0
cartography	Communication Design	7
cartography	Fashion Design	0
cartography	Interior Design	0
cartography	Service Design	0
cartography	Product Design	0
collection	Design & Engineering	0
collection	Communication Design	0
collection	Fashion Design	2
collection	Interior Design	3
collection	Service Design	0
collection	Product Design	2
shoe	Design & Engineering	4
shoe	Communication Design	0
shoe	Fashion Design	5
shoe	Interior Design	0
shoe	Service Design	1
shoe	Product Design	3
frame	Design & Engineering	1
frame	Communication Design	0
frame	Fashion Design	0
frame	Interior Design	5
frame	Service Design	0
frame	Product Design	1
documentary	Design & Engineering	0
documentary	Communication Design	6
documentary	Fashion Design	0
documentary	Interior Design	0
documentary	Service Design	1
documentary	Product Design	0
hybrid	Design & Engineering	0
hybrid	Communication Design	1
hybrid	Fashion Design	3
hybrid	Interior Design	3
hybrid	Service Design	0
hybrid	Product Design	0
narrative	Design & Engineering	0
narrative	Communication Design	7
narrative	Fashion Design	0
narrative	Interior Design	0
narrative	Service Design	0
narrative	Product Design	0
weaving	Design & Engineering	1
weaving	Communication Design	0
weaving	Fashion Design	4
weaving	Interior Design	1
weaving	Service Design	0
weaving	Product Design	1
touch	Design & Engineering	4
touch	Communication Design	0
touch	Fashion Design	1
touch	Interior Design	0
touch	Service Design	0
touch	Product Design	2
marble	Design & Engineering	0
marble	Communication Design	0
marble	Fashion Design	2
marble	Interior Design	2
marble	Service Design	0
marble	Product Design	3
artisan	Design & Engineering	0
artisan	Communication Design	0
artisan	Fashion Design	2
artisan	Interior Design	0
artisan	Service Design	2
artisan	Product Design	3
editorial design	Design & Engineering	0
editorial design	Communication Design	6
editorial design	Fashion Design	1
editorial design	Interior Design	0
editorial design	Service Design	0
editorial design	Product Design	0
design thinking	Design & Engineering	0
design thinking	Communication Design	0
design thinking	Fashion Design	0
design thinking	Interior Design	0
design thinking	Service Design	7
design thinking	Product Design	0
prevention	Design & Engineering	1
prevention	Communication Design	2
prevention	Fashion Design	0
prevention	Interior Design	0
prevention	Service Design	2
prevention	Product Design	2
method	Design & Engineering	0
method	Communication Design	5
method	Fashion Design	0
method	Interior Design	1
method	Service Design	0
method	Product Design	1
agriculture	Design & Engineering	0
agriculture	Communication Design	0
agriculture	Fashion Design	0
agriculture	Interior Design	1
agriculture	Service Design	4
agriculture	Product Design	2
house	Design & Engineering	0
house	Communication Design	0
house	Fashion Design	0
house	Interior Design	3
house	Service Design	1
house	Product Design	3
film	Design & Engineering	0
film	Communication Design	5
film	Fashion Design	0
film	Interior Design	2
film	Service Design	0
film	Product Design	0
food culture	Design & Engineering	0
food culture	Communication Design	0
food culture	Fashion Design	0
food culture	Interior Design	6
food culture	Service Design	1
food culture	Product Design	0
printing	Design & Engineering	1
printing	Communication Design	2
printing	Fashion Design	0
printing	Interior Design	1
printing	Service Design	1
printing	Product Design	2
jewel	Design & Engineering	2
jewel	Communication Design	0
jewel	Fashion Design	12
jewel	Interior Design	1
jewel	Service Design	0
jewel	Product Design	3
stereotype	Design & Engineering	0
stereotype	Communication Design	13
stereotype	Fashion Design	0
stereotype	Interior Design	0
stereotype	Service Design	0
stereotype	Product Design	1
tools	Design & Engineering	0
tools	Communication Design	0
tools	Fashion Design	0
tools	Interior Design	1
tools	Service Design	3
tools	Product Design	3
display	Design & Engineering	0
display	Communication Design	1
display	Fashion Design	0
display	Interior Design	4
display	Service Design	0
display	Product Design	2
evolution	Design & Engineering	0
evolution	Communication Design	4
evolution	Fashion Design	0
evolution	Interior Design	2
evolution	Service Design	0
evolution	Product Design	0
media	Design & Engineering	0
media	Communication Design	5
media	Fashion Design	1
media	Interior Design	0
media	Service Design	0
media	Product Design	1
monitoring	Design & Engineering	2
monitoring	Communication Design	0
monitoring	Fashion Design	0
monitoring	Interior Design	1
monitoring	Service Design	0
monitoring	Product Design	4
self production	Design & Engineering	0
self production	Communication Design	0
self production	Fashion Design	0
self production	Interior Design	0
self production	Service Design	1
self production	Product Design	6
life	Design & Engineering	1
life	Communication Design	2
life	Fashion Design	0
life	Interior Design	1
life	Service Design	1
life	Product Design	2
surface	Design & Engineering	2
surface	Communication Design	0
surface	Fashion Design	2
surface	Interior Design	1
surface	Service Design	0
surface	Product Design	2
senior	Design & Engineering	1
senior	Communication Design	0
senior	Fashion Design	0
senior	Interior Design	0
senior	Service Design	2
senior	Product Design	4
font	Design & Engineering	0
font	Communication Design	7
font	Fashion Design	0
font	Interior Design	0
font	Service Design	0
font	Product Design	0
reflection	Design & Engineering	0
reflection	Communication Design	0
reflection	Fashion Design	1
reflection	Interior Design	4
reflection	Service Design	0
reflection	Product Design	2
paper	Design & Engineering	1
paper	Communication Design	2
paper	Fashion Design	2
paper	Interior Design	0
paper	Service Design	0
paper	Product Design	2
journalism	Design & Engineering	0
journalism	Communication Design	7
journalism	Fashion Design	0
journalism	Interior Design	0
journalism	Service Design	0
journalism	Product Design	0
television	Design & Engineering	0
television	Communication Design	5
television	Fashion Design	1
television	Interior Design	1
television	Service Design	0
television	Product Design	0
dialogue	Design & Engineering	0
dialogue	Communication Design	3
dialogue	Fashion Design	0
dialogue	Interior Design	2
dialogue	Service Design	1
dialogue	Product Design	1
Chinese	Design & Engineering	0
Chinese	Communication Design	4
Chinese	Fashion Design	2
Chinese	Interior Design	0
Chinese	Service Design	1
Chinese	Product Design	0
event	Design & Engineering	0
event	Communication Design	6
event	Fashion Design	2
event	Interior Design	9
event	Service Design	1
event	Product Design	3
urban furniture	Design & Engineering	1
urban furniture	Communication Design	0
urban furniture	Fashion Design	0
urban furniture	Interior Design	4
urban furniture	Service Design	0
urban furniture	Product Design	0
Triennale	Design & Engineering	0
Triennale	Communication Design	0
Triennale	Fashion Design	0
Triennale	Interior Design	5
Triennale	Service Design	0
Triennale	Product Design	1
pedagogy	Design & Engineering	0
pedagogy	Communication Design	1
pedagogy	Fashion Design	0
pedagogy	Interior Design	1
pedagogy	Service Design	0
pedagogy	Product Design	4
visual communication	Design & Engineering	0
visual communication	Communication Design	5
visual communication	Fashion Design	0
visual communication	Interior Design	0
visual communication	Service Design	1
visual communication	Product Design	0
information visualization	Design & Engineering	0
information visualization	Communication Design	6
information visualization	Fashion Design	0
information visualization	Interior Design	0
information visualization	Service Design	0
information visualization	Product Design	0
transformation	Design & Engineering	1
transformation	Communication Design	0
transformation	Fashion Design	1
transformation	Interior Design	3
transformation	Service Design	0
transformation	Product Design	1
stone	Design & Engineering	1
stone	Communication Design	0
stone	Fashion Design	0
stone	Interior Design	2
stone	Service Design	0
stone	Product Design	3
immigration	Design & Engineering	0
immigration	Communication Design	2
immigration	Fashion Design	0
immigration	Interior Design	3
immigration	Service Design	1
immigration	Product Design	0
sensors	Design & Engineering	1
sensors	Communication Design	0
sensors	Fashion Design	1
sensors	Interior Design	0
sensors	Service Design	1
sensors	Product Design	3
digital media	Design & Engineering	0
digital media	Communication Design	6
digital media	Fashion Design	0
digital media	Interior Design	0
digital media	Service Design	0
digital media	Product Design	0
portable	Design & Engineering	4
portable	Communication Design	0
portable	Fashion Design	0
portable	Interior Design	1
portable	Service Design	0
portable	Product Design	1
soundscape	Design & Engineering	0
soundscape	Communication Design	4
soundscape	Fashion Design	0
soundscape	Interior Design	2
soundscape	Service Design	0
soundscape	Product Design	0
container	Design & Engineering	1
container	Communication Design	0
container	Fashion Design	0
container	Interior Design	4
container	Service Design	1
container	Product Design	0
geometry	Design & Engineering	0
geometry	Communication Design	1
geometry	Fashion Design	1
geometry	Interior Design	4
geometry	Service Design	0
geometry	Product Design	0
business	Design & Engineering	0
business	Communication Design	1
business	Fashion Design	3
business	Interior Design	0
business	Service Design	2
business	Product Design	0
kit	Design & Engineering	1
kit	Communication Design	0
kit	Fashion Design	1
kit	Interior Design	2
kit	Service Design	0
kit	Product Design	2
street furniture	Design & Engineering	0
street furniture	Communication Design	0
street furniture	Fashion Design	0
street furniture	Interior Design	0
street furniture	Service Design	0
street furniture	Product Design	6
blog	Design & Engineering	0
blog	Communication Design	0
blog	Fashion Design	5
blog	Interior Design	0
blog	Service Design	0
blog	Product Design	1
students	Design & Engineering	0
students	Communication Design	1
students	Fashion Design	0
students	Interior Design	2
students	Service Design	3
students	Product Design	0
automotive	Design & Engineering	2
automotive	Communication Design	0
automotive	Fashion Design	1
automotive	Interior Design	0
automotive	Service Design	1
automotive	Product Design	2
supermarket	Design & Engineering	0
supermarket	Communication Design	0
supermarket	Fashion Design	0
supermarket	Interior Design	0
supermarket	Service Design	3
supermarket	Product Design	3
gender	Design & Engineering	0
gender	Communication Design	3
gender	Fashion Design	1
gender	Interior Design	1
gender	Service Design	0
gender	Product Design	1
literature	Design & Engineering	0
literature	Communication Design	2
literature	Fashion Design	1
literature	Interior Design	2
literature	Service Design	0
literature	Product Design	1
virtual	Design & Engineering	3
virtual	Communication Design	2
virtual	Fashion Design	0
virtual	Interior Design	0
virtual	Service Design	0
virtual	Product Design	1
industrial	Design & Engineering	2
industrial	Communication Design	0
industrial	Fashion Design	0
industrial	Interior Design	4
industrial	Service Design	0
industrial	Product Design	0
device	Design & Engineering	2
device	Communication Design	2
device	Fashion Design	0
device	Interior Design	0
device	Service Design	0
device	Product Design	2
shadow	Design & Engineering	0
shadow	Communication Design	0
shadow	Fashion Design	1
shadow	Interior Design	3
shadow	Service Design	0
shadow	Product Design	2
metaphor	Design & Engineering	0
metaphor	Communication Design	5
metaphor	Fashion Design	0
metaphor	Interior Design	1
metaphor	Service Design	0
metaphor	Product Design	0
electric	Design & Engineering	4
electric	Communication Design	0
electric	Fashion Design	0
electric	Interior Design	0
electric	Service Design	0
electric	Product Design	2
learning	Design & Engineering	0
learning	Communication Design	2
learning	Fashion Design	0
learning	Interior Design	0
learning	Service Design	1
learning	Product Design	3
brand extension	Design & Engineering	0
brand extension	Communication Design	0
brand extension	Fashion Design	3
brand extension	Interior Design	0
brand extension	Service Design	0
brand extension	Product Design	3
traditional	Design & Engineering	0
traditional	Communication Design	0
traditional	Fashion Design	0
traditional	Interior Design	1
traditional	Service Design	1
traditional	Product Design	1
table	Design & Engineering	0
table	Communication Design	0
table	Fashion Design	0
table	Interior Design	2
table	Service Design	0
table	Product Design	4
Castiglione Olona	Design & Engineering	0
Castiglione Olona	Communication Design	0
Castiglione Olona	Fashion Design	0
Castiglione Olona	Interior Design	6
Castiglione Olona	Service Design	0
Castiglione Olona	Product Design	0
infographic	Design & Engineering	0
infographic	Communication Design	11
infographic	Fashion Design	0
infographic	Interior Design	0
infographic	Service Design	1
infographic	Product Design	0
share	Design & Engineering	0
share	Communication Design	8
share	Fashion Design	1
share	Interior Design	9
share	Service Design	5
share	Product Design	11
trike	Design & Engineering	4
trike	Communication Design	0
trike	Fashion Design	0
trike	Interior Design	0
trike	Service Design	0
trike	Product Design	2
coffee	Design & Engineering	4
coffee	Communication Design	0
coffee	Fashion Design	0
coffee	Interior Design	1
coffee	Service Design	0
coffee	Product Design	1
typeface	Design & Engineering	0
typeface	Communication Design	5
typeface	Fashion Design	0
typeface	Interior Design	0
typeface	Service Design	1
typeface	Product Design	0
digital publishing	Design & Engineering	0
digital publishing	Communication Design	6
digital publishing	Fashion Design	0
digital publishing	Interior Design	0
digital publishing	Service Design	0
digital publishing	Product Design	0
quality	Design & Engineering	0
quality	Communication Design	1
quality	Fashion Design	1
quality	Interior Design	1
quality	Service Design	1
quality	Product Design	2
corporate identity	Design & Engineering	0
corporate identity	Communication Design	3
corporate identity	Fashion Design	0
corporate identity	Interior Design	2
corporate identity	Service Design	0
corporate identity	Product Design	0
character	Design & Engineering	0
character	Communication Design	4
character	Fashion Design	1
character	Interior Design	0
character	Service Design	0
character	Product Design	1
usability	Design & Engineering	0
usability	Communication Design	4
usability	Fashion Design	0
usability	Interior Design	0
usability	Service Design	0
usability	Product Design	2
archetype	Design & Engineering	0
archetype	Communication Design	1
archetype	Fashion Design	1
archetype	Interior Design	2
archetype	Service Design	0
archetype	Product Design	2
shopping	Design & Engineering	0
shopping	Communication Design	3
shopping	Fashion Design	0
shopping	Interior Design	1
shopping	Service Design	1
shopping	Product Design	1
accessories	Design & Engineering	2
accessories	Communication Design	0
accessories	Fashion Design	10
accessories	Interior Design	0
accessories	Service Design	1
accessories	Product Design	0
vision	Design & Engineering	0
vision	Communication Design	3
vision	Fashion Design	0
vision	Interior Design	0
vision	Service Design	2
vision	Product Design	1
shopping experience	Design & Engineering	0
shopping experience	Communication Design	0
shopping experience	Fashion Design	1
shopping experience	Interior Design	1
shopping experience	Service Design	3
shopping experience	Product Design	1
socialization	Design & Engineering	0
socialization	Communication Design	0
socialization	Fashion Design	0
socialization	Interior Design	2
socialization	Service Design	2
socialization	Product Design	2
showroom	Design & Engineering	0
showroom	Communication Design	2
showroom	Fashion Design	1
showroom	Interior Design	2
showroom	Service Design	0
showroom	Product Design	1
FDM	Design & Engineering	6
FDM	Communication Design	0
FDM	Fashion Design	0
FDM	Interior Design	0
FDM	Service Design	0
FDM	Product Design	0
database	Design & Engineering	0
database	Communication Design	5
database	Fashion Design	0
database	Interior Design	0
database	Service Design	0
database	Product Design	1
semiotic	Design & Engineering	0
semiotic	Communication Design	15
semiotic	Fashion Design	1
semiotic	Interior Design	4
semiotic	Service Design	0
semiotic	Product Design	1
Sicily	Design & Engineering	0
Sicily	Communication Design	3
Sicily	Fashion Design	1
Sicily	Interior Design	1
Sicily	Service Design	0
Sicily	Product Design	1
square	Design & Engineering	0
square	Communication Design	0
square	Fashion Design	0
square	Interior Design	5
square	Service Design	0
square	Product Design	1
playground	Design & Engineering	1
playground	Communication Design	0
playground	Fashion Design	0
playground	Interior Design	5
playground	Service Design	0
playground	Product Design	0
model	Design & Engineering	0
model	Communication Design	5
model	Fashion Design	0
model	Interior Design	1
model	Service Design	0
model	Product Design	0
smart	Design & Engineering	0
smart	Communication Design	4
smart	Fashion Design	0
smart	Interior Design	0
smart	Service Design	0
smart	Product Design	2
fast	Design & Engineering	0
fast	Communication Design	0
fast	Fashion Design	1
fast	Interior Design	1
fast	Service Design	1
fast	Product Design	3
ruin	Design & Engineering	0
ruin	Communication Design	0
ruin	Fashion Design	0
ruin	Interior Design	15
ruin	Service Design	0
ruin	Product Design	0
multimedia	Design & Engineering	0
multimedia	Communication Design	3
multimedia	Fashion Design	0
multimedia	Interior Design	2
multimedia	Service Design	0
multimedia	Product Design	1
lightness	Design & Engineering	1
lightness	Communication Design	0
lightness	Fashion Design	2
lightness	Interior Design	0
lightness	Service Design	0
lightness	Product Design	2
wearable technology	Design & Engineering	1
wearable technology	Communication Design	1
wearable technology	Fashion Design	1
wearable technology	Interior Design	0
wearable technology	Service Design	0
wearable technology	Product Design	2
Pantheon	Design & Engineering	0
Pantheon	Communication Design	0
Pantheon	Fashion Design	0
Pantheon	Interior Design	5
Pantheon	Service Design	0
Pantheon	Product Design	0
export	Design & Engineering	0
export	Communication Design	1
export	Fashion Design	1
export	Interior Design	0
export	Service Design	3
export	Product Design	0
gender stereotypes	Design & Engineering	0
gender stereotypes	Communication Design	5
gender stereotypes	Fashion Design	0
gender stereotypes	Interior Design	0
gender stereotypes	Service Design	0
gender stereotypes	Product Design	0
physical activity	Design & Engineering	0
physical activity	Communication Design	0
physical activity	Fashion Design	2
physical activity	Interior Design	0
physical activity	Service Design	1
physical activity	Product Design	2
picture book	Design & Engineering	0
picture book	Communication Design	5
picture book	Fashion Design	0
picture book	Interior Design	0
picture book	Service Design	0
picture book	Product Design	0
folding	Design & Engineering	1
folding	Communication Design	0
folding	Fashion Design	0
folding	Interior Design	2
folding	Service Design	0
folding	Product Design	2
place	Design & Engineering	0
place	Communication Design	3
place	Fashion Design	0
place	Interior Design	2
place	Service Design	0
place	Product Design	0
woman	Design & Engineering	0
woman	Communication Design	9
woman	Fashion Design	1
woman	Interior Design	1
woman	Service Design	3
woman	Product Design	0
italian	Design & Engineering	0
italian	Communication Design	3
italian	Fashion Design	0
italian	Interior Design	1
italian	Service Design	1
italian	Product Design	0
sea	Design & Engineering	1
sea	Communication Design	0
sea	Fashion Design	0
sea	Interior Design	2
sea	Service Design	0
sea	Product Design	2
3D	Design & Engineering	2
3D	Communication Design	2
3D	Fashion Design	1
3D	Interior Design	0
3D	Service Design	0
3D	Product Design	0
type	Design & Engineering	0
type	Communication Design	5
type	Fashion Design	0
type	Interior Design	0
type	Service Design	0
type	Product Design	0
Beijing	Design & Engineering	0
Beijing	Communication Design	0
Beijing	Fashion Design	0
Beijing	Interior Design	5
Beijing	Service Design	0
Beijing	Product Design	0
urban mobility	Design & Engineering	2
urban mobility	Communication Design	0
urban mobility	Fashion Design	0
urban mobility	Interior Design	0
urban mobility	Service Design	1
urban mobility	Product Design	2
hospital	Design & Engineering	0
hospital	Communication Design	3
hospital	Fashion Design	0
hospital	Interior Design	2
hospital	Service Design	0
hospital	Product Design	0
vegetables	Design & Engineering	1
vegetables	Communication Design	1
vegetables	Fashion Design	0
vegetables	Interior Design	0
vegetables	Service Design	1
vegetables	Product Design	2
meeting	Design & Engineering	0
meeting	Communication Design	1
meeting	Fashion Design	0
meeting	Interior Design	3
meeting	Service Design	0
meeting	Product Design	1
handmade	Design & Engineering	0
handmade	Communication Design	0
handmade	Fashion Design	3
handmade	Interior Design	0
handmade	Service Design	0
handmade	Product Design	1
software	Design & Engineering	0
software	Communication Design	3
software	Fashion Design	0
software	Interior Design	1
software	Service Design	0
software	Product Design	1
district	Design & Engineering	0
district	Communication Design	1
district	Fashion Design	0
district	Interior Design	2
district	Service Design	0
district	Product Design	1
memories	Design & Engineering	0
memories	Communication Design	9
memories	Fashion Design	3
memories	Interior Design	6
memories	Service Design	1
memories	Product Design	10
food packaging	Design & Engineering	1
food packaging	Communication Design	2
food packaging	Fashion Design	0
food packaging	Interior Design	0
food packaging	Service Design	0
food packaging	Product Design	2
neighborhood	Design & Engineering	0
neighborhood	Communication Design	1
neighborhood	Fashion Design	0
neighborhood	Interior Design	3
neighborhood	Service Design	0
neighborhood	Product Design	1
print	Design & Engineering	0
print	Communication Design	4
print	Fashion Design	1
print	Interior Design	0
print	Service Design	0
print	Product Design	0
transmedia	Design & Engineering	0
transmedia	Communication Design	5
transmedia	Fashion Design	0
transmedia	Interior Design	0
transmedia	Service Design	0
transmedia	Product Design	0
metamorphosis	Design & Engineering	0
metamorphosis	Communication Design	0
metamorphosis	Fashion Design	1
metamorphosis	Interior Design	2
metamorphosis	Service Design	0
metamorphosis	Product Design	2
noise	Design & Engineering	0
noise	Communication Design	0
noise	Fashion Design	0
noise	Interior Design	2
noise	Service Design	0
noise	Product Design	3
hotel	Design & Engineering	0
hotel	Communication Design	0
hotel	Fashion Design	0
hotel	Interior Design	5
hotel	Service Design	0
hotel	Product Design	0
aesthetic	Design & Engineering	1
aesthetic	Communication Design	2
aesthetic	Fashion Design	2
aesthetic	Interior Design	2
aesthetic	Service Design	0
aesthetic	Product Design	5
footwear	Design & Engineering	2
footwear	Communication Design	0
footwear	Fashion Design	1
footwear	Interior Design	0
footwear	Service Design	2
footwear	Product Design	0
urban design	Design & Engineering	0
urban design	Communication Design	0
urban design	Fashion Design	0
urban design	Interior Design	4
urban design	Service Design	1
urban design	Product Design	0
metro	Design & Engineering	0
metro	Communication Design	0
metro	Fashion Design	0
metro	Interior Design	3
metro	Service Design	2
metro	Product Design	0
human	Design & Engineering	0
human	Communication Design	2
human	Fashion Design	0
human	Interior Design	1
human	Service Design	1
human	Product Design	1
UX	Design & Engineering	0
UX	Communication Design	4
UX	Fashion Design	0
UX	Interior Design	1
UX	Service Design	0
UX	Product Design	0
fabric	Design & Engineering	1
fabric	Communication Design	0
fabric	Fashion Design	2
fabric	Interior Design	2
fabric	Service Design	0
fabric	Product Design	0
beach	Design & Engineering	0
beach	Communication Design	0
beach	Fashion Design	1
beach	Interior Design	2
beach	Service Design	0
beach	Product Design	2
designer	Design & Engineering	0
designer	Communication Design	1
designer	Fashion Design	1
designer	Interior Design	0
designer	Service Design	1
designer	Product Design	2
visual merchandising	Design & Engineering	0
visual merchandising	Communication Design	2
visual merchandising	Fashion Design	2
visual merchandising	Interior Design	1
visual merchandising	Service Design	0
visual merchandising	Product Design	0
knitting	Design & Engineering	1
knitting	Communication Design	0
knitting	Fashion Design	4
knitting	Interior Design	0
knitting	Service Design	0
knitting	Product Design	0
sight	Design & Engineering	2
sight	Communication Design	1
sight	Fashion Design	1
sight	Interior Design	0
sight	Service Design	1
sight	Product Design	0
Ikea	Design & Engineering	0
Ikea	Communication Design	0
Ikea	Fashion Design	0
Ikea	Interior Design	1
Ikea	Service Design	1
Ikea	Product Design	3
custom	Design & Engineering	2
custom	Communication Design	0
custom	Fashion Design	1
custom	Interior Design	0
custom	Service Design	0
custom	Product Design	2
street art	Design & Engineering	0
street art	Communication Design	2
street art	Fashion Design	0
street art	Interior Design	2
street art	Service Design	1
street art	Product Design	0
robot	Design & Engineering	2
robot	Communication Design	0
robot	Fashion Design	0
robot	Interior Design	0
robot	Service Design	1
robot	Product Design	2
atlas	Design & Engineering	1
atlas	Communication Design	3
atlas	Fashion Design	0
atlas	Interior Design	1
atlas	Service Design	0
atlas	Product Design	0
natural light	Design & Engineering	0
natural light	Communication Design	0
natural light	Fashion Design	0
natural light	Interior Design	4
natural light	Service Design	0
natural light	Product Design	1
modularity	Design & Engineering	1
modularity	Communication Design	0
modularity	Fashion Design	0
modularity	Interior Design	3
modularity	Service Design	0
modularity	Product Design	1
trace	Design & Engineering	0
trace	Communication Design	1
trace	Fashion Design	3
trace	Interior Design	0
trace	Service Design	0
trace	Product Design	1
module	Design & Engineering	0
module	Communication Design	0
module	Fashion Design	0
module	Interior Design	2
module	Service Design	0
module	Product Design	2
elderly	Design & Engineering	2
elderly	Communication Design	2
elderly	Fashion Design	0
elderly	Interior Design	2
elderly	Service Design	1
elderly	Product Design	3
autism	Design & Engineering	0
autism	Communication Design	4
autism	Fashion Design	0
autism	Interior Design	0
autism	Service Design	1
autism	Product Design	0
networking	Design & Engineering	0
networking	Communication Design	3
networking	Fashion Design	1
networking	Interior Design	0
networking	Service Design	1
networking	Product Design	0
motion	Design & Engineering	1
motion	Communication Design	0
motion	Fashion Design	1
motion	Interior Design	0
motion	Service Design	0
motion	Product Design	3
neuroscience	Design & Engineering	0
neuroscience	Communication Design	4
neuroscience	Fashion Design	0
neuroscience	Interior Design	0
neuroscience	Service Design	0
neuroscience	Product Design	1
railway station	Design & Engineering	0
railway station	Communication Design	0
railway station	Fashion Design	0
railway station	Interior Design	5
railway station	Service Design	0
railway station	Product Design	0
news	Design & Engineering	0
news	Communication Design	5
news	Fashion Design	0
news	Interior Design	0
news	Service Design	0
news	Product Design	0
reading	Design & Engineering	0
reading	Communication Design	3
reading	Fashion Design	0
reading	Interior Design	0
reading	Service Design	2
reading	Product Design	0
graphic	Design & Engineering	0
graphic	Communication Design	12
graphic	Fashion Design	1
graphic	Interior Design	1
graphic	Service Design	0
graphic	Product Design	0
reality	Design & Engineering	0
reality	Communication Design	2
reality	Fashion Design	1
reality	Interior Design	1
reality	Service Design	0
reality	Product Design	1
living	Design & Engineering	0
living	Communication Design	1
living	Fashion Design	0
living	Interior Design	4
living	Service Design	0
living	Product Design	0
co-working	Design & Engineering	0
co-working	Communication Design	0
co-working	Fashion Design	0
co-working	Interior Design	3
co-working	Service Design	1
co-working	Product Design	1
online	Design & Engineering	0
online	Communication Design	1
online	Fashion Design	1
online	Interior Design	1
online	Service Design	2
online	Product Design	0
system design	Design & Engineering	0
system design	Communication Design	0
system design	Fashion Design	0
system design	Interior Design	0
system design	Service Design	5
system design	Product Design	0
local identity	Design & Engineering	0
local identity	Communication Design	2
local identity	Fashion Design	0
local identity	Interior Design	0
local identity	Service Design	0
local identity	Product Design	3
empathy	Design & Engineering	0
empathy	Communication Design	3
empathy	Fashion Design	0
empathy	Interior Design	1
empathy	Service Design	0
empathy	Product Design	1
intangible cultural heritage	Design & Engineering	0
intangible cultural heritage	Communication Design	4
intangible cultural heritage	Fashion Design	0
intangible cultural heritage	Interior Design	0
intangible cultural heritage	Service Design	1
intangible cultural heritage	Product Design	0
industrial design	Design & Engineering	2
industrial design	Communication Design	0
industrial design	Fashion Design	0
industrial design	Interior Design	0
industrial design	Service Design	0
industrial design	Product Design	3
Bruno Munari	Design & Engineering	1
Bruno Munari	Communication Design	2
Bruno Munari	Fashion Design	0
Bruno Munari	Interior Design	1
Bruno Munari	Service Design	0
Bruno Munari	Product Design	1
user centered design	Design & Engineering	2
user centered design	Communication Design	2
user centered design	Fashion Design	0
user centered design	Interior Design	0
user centered design	Service Design	0
user centered design	Product Design	1
multiculturalism	Design & Engineering	0
multiculturalism	Communication Design	4
multiculturalism	Fashion Design	0
multiculturalism	Interior Design	1
multiculturalism	Service Design	0
multiculturalism	Product Design	0
user generated content	Design & Engineering	0
user generated content	Communication Design	1
user generated content	Fashion Design	0
user generated content	Interior Design	0
user generated content	Service Design	3
user generated content	Product Design	1
comfort	Design & Engineering	1
comfort	Communication Design	0
comfort	Fashion Design	1
comfort	Interior Design	2
comfort	Service Design	0
comfort	Product Design	1
shelter	Design & Engineering	0
shelter	Communication Design	0
shelter	Fashion Design	0
shelter	Interior Design	4
shelter	Service Design	1
shelter	Product Design	0
multisensory	Design & Engineering	0
multisensory	Communication Design	1
multisensory	Fashion Design	0
multisensory	Interior Design	3
multisensory	Service Design	0
multisensory	Product Design	1
flows	Design & Engineering	0
flows	Communication Design	2
flows	Fashion Design	0
flows	Interior Design	3
flows	Service Design	0
flows	Product Design	0
temporary exhibition	Design & Engineering	0
temporary exhibition	Communication Design	0
temporary exhibition	Fashion Design	0
temporary exhibition	Interior Design	5
temporary exhibition	Service Design	0
temporary exhibition	Product Design	0
shop	Design & Engineering	0
shop	Communication Design	0
shop	Fashion Design	0
shop	Interior Design	4
shop	Service Design	0
shop	Product Design	1
territorial identity	Design & Engineering	0
territorial identity	Communication Design	3
territorial identity	Fashion Design	0
territorial identity	Interior Design	0
territorial identity	Service Design	0
territorial identity	Product Design	2
visual identity	Design & Engineering	0
visual identity	Communication Design	4
visual identity	Fashion Design	0
visual identity	Interior Design	0
visual identity	Service Design	0
visual identity	Product Design	1
relationship	Design & Engineering	0
relationship	Communication Design	1
relationship	Fashion Design	1
relationship	Interior Design	2
relationship	Service Design	1
relationship	Product Design	0
partecipation	Design & Engineering	0
partecipation	Communication Design	6
partecipation	Fashion Design	1
partecipation	Interior Design	5
partecipation	Service Design	3
partecipation	Product Design	4
industrial districts	Design & Engineering	0
industrial districts	Communication Design	2
industrial districts	Fashion Design	2
industrial districts	Interior Design	0
industrial districts	Service Design	0
industrial districts	Product Design	1
ethic	Design & Engineering	0
ethic	Communication Design	5
ethic	Fashion Design	2
ethic	Interior Design	2
ethic	Service Design	0
ethic	Product Design	2
requalification	Design & Engineering	0
requalification	Communication Design	0
requalification	Fashion Design	0
requalification	Interior Design	4
requalification	Service Design	1
requalification	Product Design	0
sign	Design & Engineering	1
sign	Communication Design	3
sign	Fashion Design	1
sign	Interior Design	0
sign	Service Design	0
sign	Product Design	0
beauty	Design & Engineering	0
beauty	Communication Design	0
beauty	Fashion Design	3
beauty	Interior Design	1
beauty	Service Design	0
beauty	Product Design	1
design strategy	Design & Engineering	0
design strategy	Communication Design	1
design strategy	Fashion Design	1
design strategy	Interior Design	0
design strategy	Service Design	1
design strategy	Product Design	2
silk	Design & Engineering	0
silk	Communication Design	0
silk	Fashion Design	2
silk	Interior Design	2
silk	Service Design	0
silk	Product Design	0
threshold	Design & Engineering	0
threshold	Communication Design	0
threshold	Fashion Design	0
threshold	Interior Design	5
threshold	Service Design	0
threshold	Product Design	0
concrete	Design & Engineering	2
concrete	Communication Design	0
concrete	Fashion Design	1
concrete	Interior Design	1
concrete	Service Design	0
concrete	Product Design	1